,Year,Value,Total,month
0,1880-01-01,-0.06,11.94,January
1,1880-02-01,-0.15,11.95,February
2,1880-03-01,-0.09,12.61,March
3,1880-04-01,-0.05,13.649999999999999,April
4,1880-05-01,-0.09,14.71,May
5,1880-06-01,-0.13,15.37,June
6,1880-07-01,-0.13,15.67,July
7,1880-08-01,-0.06,15.54,August
8,1880-09-01,-0.11,14.89,September
9,1880-10-01,-0.23,13.77,October
10,1880-11-01,-0.24,12.66,November
11,1880-12-01,-0.09,12.11,December
12,1881-01-01,-0.07,11.93,January
13,1881-02-01,-0.06,12.04,February
14,1881-03-01,0.05,12.75,March
15,1881-04-01,0.07,13.77,April
16,1881-05-01,0.03,14.83,May
17,1881-06-01,-0.12,15.38,June
18,1881-07-01,-0.07,15.73,July
19,1881-08-01,-0.06,15.54,August
20,1881-09-01,-0.17,14.83,September
21,1881-10-01,-0.29,13.71,October
22,1881-11-01,-0.27,12.63,November
23,1881-12-01,-0.04,12.16,December
24,1882-01-01,0.08,12.08,January
25,1882-02-01,0.01,12.11,February
26,1882-03-01,-0.01,12.69,March
27,1882-04-01,-0.15,13.549999999999999,April
28,1882-05-01,-0.14,14.66,May
29,1882-06-01,-0.14,15.36,June
30,1882-07-01,-0.12,15.680000000000001,July
31,1882-08-01,-0.08,15.52,August
32,1882-09-01,-0.09,14.91,September
33,1882-10-01,-0.23,13.77,October
34,1882-11-01,-0.15,12.75,November
35,1882-12-01,-0.16,12.04,December
36,1883-01-01,-0.28,11.72,January
37,1883-02-01,-0.35,11.75,February
38,1883-03-01,-0.18,12.52,March
39,1883-04-01,-0.2,13.5,April
40,1883-05-01,-0.16,14.64,May
41,1883-06-01,0.0,15.5,June
42,1883-07-01,-0.11,15.690000000000001,July
43,1883-08-01,-0.12,15.48,August
44,1883-09-01,-0.18,14.82,September
45,1883-10-01,-0.22,13.78,October
46,1883-11-01,-0.24,12.66,November
47,1883-12-01,-0.14,12.059999999999999,December
48,1884-01-01,-0.23,11.77,January
49,1884-02-01,-0.19,11.91,February
50,1884-03-01,-0.29,12.41,March
51,1884-04-01,-0.28,13.42,April
52,1884-05-01,-0.22,14.58,May
53,1884-06-01,-0.26,15.24,June
54,1884-07-01,-0.32,15.48,July
55,1884-08-01,-0.29,15.31,August
56,1884-09-01,-0.29,14.71,September
57,1884-10-01,-0.27,13.73,October
58,1884-11-01,-0.35,12.55,November
59,1884-12-01,-0.24,11.959999999999999,December
60,1885-01-01,-0.45,11.55,January
61,1885-02-01,-0.3,11.799999999999999,February
62,1885-03-01,-0.25,12.45,March
63,1885-04-01,-0.29,13.41,April
64,1885-05-01,-0.3,14.5,May
65,1885-06-01,-0.31,15.19,June
66,1885-07-01,-0.26,15.540000000000001,July
67,1885-08-01,-0.29,15.31,August
68,1885-09-01,-0.26,14.74,September
69,1885-10-01,-0.2,13.8,October
70,1885-11-01,-0.15,12.75,November
71,1885-12-01,0.01,12.209999999999999,December
72,1886-01-01,-0.18,11.82,January
73,1886-02-01,-0.32,11.78,February
74,1886-03-01,-0.29,12.41,March
75,1886-04-01,-0.19,13.51,April
76,1886-05-01,-0.19,14.610000000000001,May
77,1886-06-01,-0.25,15.25,June
78,1886-07-01,-0.2,15.600000000000001,July
79,1886-08-01,-0.27,15.33,August
80,1886-09-01,-0.28,14.72,September
81,1886-10-01,-0.32,13.68,October
82,1886-11-01,-0.29,12.610000000000001,November
83,1886-12-01,-0.17,12.03,December
84,1887-01-01,-0.52,11.48,January
85,1887-02-01,-0.47,11.629999999999999,February
86,1887-03-01,-0.22,12.479999999999999,March
87,1887-04-01,-0.26,13.44,April
88,1887-05-01,-0.26,14.540000000000001,May
89,1887-06-01,-0.25,15.25,June
90,1887-07-01,-0.24,15.56,July
91,1887-08-01,-0.32,15.28,August
92,1887-09-01,-0.23,14.77,September
93,1887-10-01,-0.33,13.67,October
94,1887-11-01,-0.19,12.71,November
95,1887-12-01,-0.17,12.03,December
96,1888-01-01,-0.32,11.68,January
97,1888-02-01,-0.28,11.82,February
98,1888-03-01,-0.29,12.41,March
99,1888-04-01,-0.12,13.58,April
100,1888-05-01,-0.16,14.64,May
101,1888-06-01,-0.11,15.39,June
102,1888-07-01,-0.11,15.690000000000001,July
103,1888-08-01,-0.18,15.42,August
104,1888-09-01,-0.1,14.9,September
105,1888-10-01,0.03,14.03,October
106,1888-11-01,-0.04,12.860000000000001,November
107,1888-12-01,0.07,12.27,December
108,1889-01-01,-0.03,11.97,January
109,1889-02-01,0.03,12.129999999999999,February
110,1889-03-01,0.14,12.84,March
111,1889-04-01,0.08,13.78,April
112,1889-05-01,-0.03,14.770000000000001,May
113,1889-06-01,-0.08,15.42,June
114,1889-07-01,-0.13,15.67,July
115,1889-08-01,-0.15,15.45,August
116,1889-09-01,-0.24,14.76,September
117,1889-10-01,-0.25,13.75,October
118,1889-11-01,-0.29,12.610000000000001,November
119,1889-12-01,-0.15,12.049999999999999,December
120,1890-01-01,-0.33,11.67,January
121,1890-02-01,-0.34,11.76,February
122,1890-03-01,-0.32,12.379999999999999,March
123,1890-04-01,-0.28,13.42,April
124,1890-05-01,-0.4,14.4,May
125,1890-06-01,-0.3,15.2,June
126,1890-07-01,-0.28,15.520000000000001,July
127,1890-08-01,-0.39,15.209999999999999,August
128,1890-09-01,-0.43,14.57,September
129,1890-10-01,-0.36,13.64,October
130,1890-11-01,-0.45,12.450000000000001,November
131,1890-12-01,-0.29,11.91,December
132,1891-01-01,-0.38,11.62,January
133,1891-02-01,-0.54,11.559999999999999,February
134,1891-03-01,-0.24,12.459999999999999,March
135,1891-04-01,-0.25,13.45,April
136,1891-05-01,-0.17,14.63,May
137,1891-06-01,-0.2,15.3,June
138,1891-07-01,-0.18,15.620000000000001,July
139,1891-08-01,-0.21,15.389999999999999,August
140,1891-09-01,-0.15,14.85,September
141,1891-10-01,-0.29,13.71,October
142,1891-11-01,-0.4,12.5,November
143,1891-12-01,-0.06,12.139999999999999,December
144,1892-01-01,-0.23,11.77,January
145,1892-02-01,-0.12,11.98,February
146,1892-03-01,-0.25,12.45,March
147,1892-04-01,-0.33,13.37,April
148,1892-05-01,-0.27,14.530000000000001,May
149,1892-06-01,-0.3,15.2,June
150,1892-07-01,-0.39,15.41,July
151,1892-08-01,-0.35,15.25,August
152,1892-09-01,-0.22,14.78,September
153,1892-10-01,-0.28,13.72,October
154,1892-11-01,-0.48,12.42,November
155,1892-12-01,-0.45,11.75,December
156,1893-01-01,-0.71,11.29,January
157,1893-02-01,-0.62,11.48,February
158,1893-03-01,-0.23,12.469999999999999,March
159,1893-04-01,-0.35,13.35,April
160,1893-05-01,-0.32,14.48,May
161,1893-06-01,-0.27,15.23,June
162,1893-07-01,-0.21,15.59,July
163,1893-08-01,-0.31,15.29,August
164,1893-09-01,-0.24,14.76,September
165,1893-10-01,-0.25,13.75,October
166,1893-11-01,-0.19,12.71,November
167,1893-12-01,-0.25,11.95,December
168,1894-01-01,-0.41,11.59,January
169,1894-02-01,-0.24,11.86,February
170,1894-03-01,-0.28,12.42,March
171,1894-04-01,-0.39,13.309999999999999,April
172,1894-05-01,-0.34,14.46,May
173,1894-06-01,-0.38,15.12,June
174,1894-07-01,-0.3,15.5,July
175,1894-08-01,-0.3,15.299999999999999,August
176,1894-09-01,-0.27,14.73,September
177,1894-10-01,-0.29,13.71,October
178,1894-11-01,-0.35,12.55,November
179,1894-12-01,-0.25,11.95,December
180,1895-01-01,-0.43,11.57,January
181,1895-02-01,-0.4,11.7,February
182,1895-03-01,-0.33,12.37,March
183,1895-04-01,-0.19,13.51,April
184,1895-05-01,-0.28,14.520000000000001,May
185,1895-06-01,-0.29,15.21,June
186,1895-07-01,-0.22,15.58,July
187,1895-08-01,-0.24,15.36,August
188,1895-09-01,-0.17,14.83,September
189,1895-10-01,-0.12,13.88,October
190,1895-11-01,-0.18,12.72,November
191,1895-12-01,-0.12,12.08,December
192,1896-01-01,-0.15,11.85,January
193,1896-02-01,-0.11,11.99,February
194,1896-03-01,-0.22,12.479999999999999,March
195,1896-04-01,-0.24,13.459999999999999,April
196,1896-05-01,-0.13,14.67,May
197,1896-06-01,-0.09,15.41,June
198,1896-07-01,-0.04,15.760000000000002,July
199,1896-08-01,-0.04,15.56,August
200,1896-09-01,-0.04,14.96,September
201,1896-10-01,0.01,14.01,October
202,1896-11-01,-0.16,12.74,November
203,1896-12-01,0.07,12.27,December
204,1897-01-01,-0.13,11.87,January
205,1897-02-01,-0.1,12.0,February
206,1897-03-01,-0.12,12.58,March
207,1897-04-01,0.05,13.75,April
208,1897-05-01,0.0,14.8,May
209,1897-06-01,-0.08,15.42,June
210,1897-07-01,-0.02,15.780000000000001,July
211,1897-08-01,-0.09,15.51,August
212,1897-09-01,-0.05,14.95,September
213,1897-10-01,-0.18,13.82,October
214,1897-11-01,-0.25,12.65,November
215,1897-12-01,-0.24,11.959999999999999,December
216,1898-01-01,-0.01,11.99,January
217,1898-02-01,-0.29,11.81,February
218,1898-03-01,-0.66,12.04,March
219,1898-04-01,-0.38,13.319999999999999,April
220,1898-05-01,-0.28,14.520000000000001,May
221,1898-06-01,-0.19,15.31,June
222,1898-07-01,-0.23,15.57,July
223,1898-08-01,-0.24,15.36,August
224,1898-09-01,-0.23,14.77,September
225,1898-10-01,-0.38,13.62,October
226,1898-11-01,-0.31,12.59,November
227,1898-12-01,-0.11,12.09,December
228,1899-01-01,-0.14,11.86,January
229,1899-02-01,-0.33,11.77,February
230,1899-03-01,-0.33,12.37,March
231,1899-04-01,-0.19,13.51,April
232,1899-05-01,-0.18,14.620000000000001,May
233,1899-06-01,-0.27,15.23,June
234,1899-07-01,-0.17,15.63,July
235,1899-08-01,-0.1,15.5,August
236,1899-09-01,-0.05,14.95,September
237,1899-10-01,-0.09,13.91,October
238,1899-11-01,0.1,13.0,November
239,1899-12-01,-0.19,12.01,December
240,1900-01-01,-0.32,11.68,January
241,1900-02-01,-0.07,12.03,February
242,1900-03-01,-0.04,12.66,March
243,1900-04-01,-0.09,13.61,April
244,1900-05-01,-0.07,14.73,May
245,1900-06-01,-0.04,15.46,June
246,1900-07-01,-0.1,15.700000000000001,July
247,1900-08-01,-0.07,15.53,August
248,1900-09-01,-0.06,14.94,September
249,1900-10-01,0.07,14.07,October
250,1900-11-01,-0.14,12.76,November
251,1900-12-01,0.02,12.219999999999999,December
252,1901-01-01,-0.13,11.87,January
253,1901-02-01,-0.08,12.02,February
254,1901-03-01,-0.03,12.67,March
255,1901-04-01,-0.06,13.639999999999999,April
256,1901-05-01,-0.11,14.690000000000001,May
257,1901-06-01,-0.08,15.42,June
258,1901-07-01,-0.13,15.67,July
259,1901-08-01,-0.18,15.42,August
260,1901-09-01,-0.25,14.75,September
261,1901-10-01,-0.33,13.67,October
262,1901-11-01,-0.2,12.700000000000001,November
263,1901-12-01,-0.27,11.93,December
264,1902-01-01,-0.11,11.89,January
265,1902-02-01,-0.05,12.049999999999999,February
266,1902-03-01,-0.22,12.479999999999999,March
267,1902-04-01,-0.27,13.43,April
268,1902-05-01,-0.29,14.510000000000002,May
269,1902-06-01,-0.3,15.2,June
270,1902-07-01,-0.27,15.530000000000001,July
271,1902-08-01,-0.29,15.31,August
272,1902-09-01,-0.28,14.72,September
273,1902-10-01,-0.31,13.69,October
274,1902-11-01,-0.35,12.55,November
275,1902-12-01,-0.37,11.83,December
276,1903-01-01,-0.24,11.76,January
277,1903-02-01,-0.09,12.01,February
278,1903-03-01,-0.25,12.45,March
279,1903-04-01,-0.36,13.34,April
280,1903-05-01,-0.41,14.39,May
281,1903-06-01,-0.38,15.12,June
282,1903-07-01,-0.39,15.41,July
283,1903-08-01,-0.44,15.16,August
284,1903-09-01,-0.46,14.54,September
285,1903-10-01,-0.51,13.49,October
286,1903-11-01,-0.48,12.42,November
287,1903-12-01,-0.47,11.729999999999999,December
288,1904-01-01,-0.61,11.39,January
289,1904-02-01,-0.57,11.53,February
290,1904-03-01,-0.57,12.129999999999999,March
291,1904-04-01,-0.5,13.2,April
292,1904-05-01,-0.46,14.34,May
293,1904-06-01,-0.45,15.05,June
294,1904-07-01,-0.49,15.31,July
295,1904-08-01,-0.44,15.16,August
296,1904-09-01,-0.48,14.52,September
297,1904-10-01,-0.43,13.57,October
298,1904-11-01,-0.16,12.74,November
299,1904-12-01,-0.31,11.889999999999999,December
300,1905-01-01,-0.36,11.64,January
301,1905-02-01,-0.63,11.469999999999999,February
302,1905-03-01,-0.39,12.309999999999999,March
303,1905-04-01,-0.4,13.299999999999999,April
304,1905-05-01,-0.26,14.540000000000001,May
305,1905-06-01,-0.24,15.26,June
306,1905-07-01,-0.22,15.58,July
307,1905-08-01,-0.19,15.41,August
308,1905-09-01,-0.21,14.79,September
309,1905-10-01,-0.25,13.75,October
310,1905-11-01,-0.08,12.82,November
311,1905-12-01,-0.09,12.11,December
312,1906-01-01,-0.14,11.86,January
313,1906-02-01,-0.24,11.86,February
314,1906-03-01,-0.18,12.52,March
315,1906-04-01,-0.07,13.629999999999999,April
316,1906-05-01,-0.23,14.57,May
317,1906-06-01,-0.15,15.35,June
318,1906-07-01,-0.21,15.59,July
319,1906-08-01,-0.24,15.36,August
320,1906-09-01,-0.28,14.72,September
321,1906-10-01,-0.28,13.72,October
322,1906-11-01,-0.34,12.56,November
323,1906-12-01,-0.15,12.049999999999999,December
324,1907-01-01,-0.37,11.63,January
325,1907-02-01,-0.48,11.62,February
326,1907-03-01,-0.32,12.379999999999999,March
327,1907-04-01,-0.37,13.33,April
328,1907-05-01,-0.46,14.34,May
329,1907-06-01,-0.38,15.12,June
330,1907-07-01,-0.34,15.46,July
331,1907-08-01,-0.32,15.28,August
332,1907-09-01,-0.36,14.64,September
333,1907-10-01,-0.3,13.7,October
334,1907-11-01,-0.48,12.42,November
335,1907-12-01,-0.42,11.78,December
336,1908-01-01,-0.38,11.62,January
337,1908-02-01,-0.37,11.73,February
338,1908-03-01,-0.58,12.12,March
339,1908-04-01,-0.45,13.25,April
340,1908-05-01,-0.38,14.42,May
341,1908-06-01,-0.38,15.12,June
342,1908-07-01,-0.37,15.430000000000001,July
343,1908-08-01,-0.45,15.15,August
344,1908-09-01,-0.37,14.63,September
345,1908-10-01,-0.5,13.5,October
346,1908-11-01,-0.5,12.4,November
347,1908-12-01,-0.42,11.78,December
348,1909-01-01,-0.58,11.42,January
349,1909-02-01,-0.46,11.639999999999999,February
350,1909-03-01,-0.51,12.19,March
351,1909-04-01,-0.61,13.09,April
352,1909-05-01,-0.49,14.31,May
353,1909-06-01,-0.46,15.04,June
354,1909-07-01,-0.46,15.34,July
355,1909-08-01,-0.33,15.27,August
356,1909-09-01,-0.34,14.66,September
357,1909-10-01,-0.36,13.64,October
358,1909-11-01,-0.28,12.620000000000001,November
359,1909-12-01,-0.42,11.78,December
360,1910-01-01,-0.36,11.64,January
361,1910-02-01,-0.4,11.7,February
362,1910-03-01,-0.51,12.19,March
363,1910-04-01,-0.38,13.319999999999999,April
364,1910-05-01,-0.32,14.48,May
365,1910-06-01,-0.34,15.16,June
366,1910-07-01,-0.32,15.48,July
367,1910-08-01,-0.35,15.25,August
368,1910-09-01,-0.37,14.63,September
369,1910-10-01,-0.43,13.57,October
370,1910-11-01,-0.49,12.41,November
371,1910-12-01,-0.58,11.62,December
372,1911-01-01,-0.55,11.45,January
373,1911-02-01,-0.57,11.53,February
374,1911-03-01,-0.6,12.1,March
375,1911-04-01,-0.54,13.16,April
376,1911-05-01,-0.53,14.270000000000001,May
377,1911-06-01,-0.48,15.02,June
378,1911-07-01,-0.47,15.33,July
379,1911-08-01,-0.44,15.16,August
380,1911-09-01,-0.4,14.6,September
381,1911-10-01,-0.32,13.68,October
382,1911-11-01,-0.25,12.65,November
383,1911-12-01,-0.21,11.989999999999998,December
384,1912-01-01,-0.28,11.72,January
385,1912-02-01,-0.14,11.959999999999999,February
386,1912-03-01,-0.32,12.379999999999999,March
387,1912-04-01,-0.21,13.489999999999998,April
388,1912-05-01,-0.2,14.600000000000001,May
389,1912-06-01,-0.22,15.28,June
390,1912-07-01,-0.36,15.440000000000001,July
391,1912-08-01,-0.46,15.139999999999999,August
392,1912-09-01,-0.54,14.46,September
393,1912-10-01,-0.54,13.46,October
394,1912-11-01,-0.43,12.47,November
395,1912-12-01,-0.4,11.799999999999999,December
396,1913-01-01,-0.36,11.64,January
397,1913-02-01,-0.42,11.68,February
398,1913-03-01,-0.46,12.239999999999998,March
399,1913-04-01,-0.38,13.319999999999999,April
400,1913-05-01,-0.4,14.4,May
401,1913-06-01,-0.39,15.11,June
402,1913-07-01,-0.31,15.49,July
403,1913-08-01,-0.3,15.299999999999999,August
404,1913-09-01,-0.34,14.66,September
405,1913-10-01,-0.31,13.69,October
406,1913-11-01,-0.16,12.74,November
407,1913-12-01,-0.04,12.16,December
408,1914-01-01,0.1,12.1,January
409,1914-02-01,-0.12,11.98,February
410,1914-03-01,-0.19,12.51,March
411,1914-04-01,-0.26,13.44,April
412,1914-05-01,-0.15,14.65,May
413,1914-06-01,-0.19,15.31,June
414,1914-07-01,-0.23,15.57,July
415,1914-08-01,-0.2,15.4,August
416,1914-09-01,-0.21,14.79,September
417,1914-10-01,-0.1,13.9,October
418,1914-11-01,-0.1,12.8,November
419,1914-12-01,-0.09,12.11,December
420,1915-01-01,-0.15,11.85,January
421,1915-02-01,0.0,12.1,February
422,1915-03-01,-0.09,12.61,March
423,1915-04-01,0.03,13.729999999999999,April
424,1915-05-01,-0.06,14.74,May
425,1915-06-01,-0.14,15.36,June
426,1915-07-01,-0.07,15.73,July
427,1915-08-01,-0.12,15.48,August
428,1915-09-01,-0.17,14.83,September
429,1915-10-01,-0.24,13.76,October
430,1915-11-01,-0.03,12.870000000000001,November
431,1915-12-01,-0.12,12.08,December
432,1916-01-01,-0.14,11.86,January
433,1916-02-01,-0.17,11.93,February
434,1916-03-01,-0.29,12.41,March
435,1916-04-01,-0.27,13.43,April
436,1916-05-01,-0.32,14.48,May
437,1916-06-01,-0.4,15.1,June
438,1916-07-01,-0.33,15.47,July
439,1916-08-01,-0.33,15.27,August
440,1916-09-01,-0.34,14.66,September
441,1916-10-01,-0.28,13.72,October
442,1916-11-01,-0.44,12.46,November
443,1916-12-01,-0.63,11.569999999999999,December
444,1917-01-01,-0.53,11.47,January
445,1917-02-01,-0.58,11.52,February
446,1917-03-01,-0.64,12.059999999999999,March
447,1917-04-01,-0.47,13.229999999999999,April
448,1917-05-01,-0.57,14.23,May
449,1917-06-01,-0.4,15.1,June
450,1917-07-01,-0.2,15.600000000000001,July
451,1917-08-01,-0.17,15.43,August
452,1917-09-01,-0.11,14.89,September
453,1917-10-01,-0.33,13.67,October
454,1917-11-01,-0.22,12.68,November
455,1917-12-01,-0.55,11.649999999999999,December
456,1918-01-01,-0.33,11.67,January
457,1918-02-01,-0.38,11.719999999999999,February
458,1918-03-01,-0.31,12.389999999999999,March
459,1918-04-01,-0.44,13.26,April
460,1918-05-01,-0.46,14.34,May
461,1918-06-01,-0.35,15.15,June
462,1918-07-01,-0.3,15.5,July
463,1918-08-01,-0.31,15.29,August
464,1918-09-01,-0.2,14.8,September
465,1918-10-01,-0.12,13.88,October
466,1918-11-01,-0.13,12.77,November
467,1918-12-01,-0.35,11.85,December
468,1919-01-01,-0.24,11.76,January
469,1919-02-01,-0.12,11.98,February
470,1919-03-01,-0.24,12.459999999999999,March
471,1919-04-01,-0.06,13.639999999999999,April
472,1919-05-01,-0.26,14.540000000000001,May
473,1919-06-01,-0.28,15.22,June
474,1919-07-01,-0.25,15.55,July
475,1919-08-01,-0.31,15.29,August
476,1919-09-01,-0.24,14.76,September
477,1919-10-01,-0.25,13.75,October
478,1919-11-01,-0.4,12.5,November
479,1919-12-01,-0.41,11.79,December
480,1920-01-01,-0.21,11.79,January
481,1920-02-01,-0.33,11.77,February
482,1920-03-01,-0.09,12.61,March
483,1920-04-01,-0.19,13.51,April
484,1920-05-01,-0.17,14.63,May
485,1920-06-01,-0.26,15.24,June
486,1920-07-01,-0.24,15.56,July
487,1920-08-01,-0.24,15.36,August
488,1920-09-01,-0.18,14.82,September
489,1920-10-01,-0.23,13.77,October
490,1920-11-01,-0.24,12.66,November
491,1920-12-01,-0.43,11.77,December
492,1921-01-01,-0.09,11.91,January
493,1921-02-01,-0.18,11.92,February
494,1921-03-01,-0.26,12.44,March
495,1921-04-01,-0.21,13.489999999999998,April
496,1921-05-01,-0.23,14.57,May
497,1921-06-01,-0.17,15.33,June
498,1921-07-01,-0.13,15.67,July
499,1921-08-01,-0.23,15.37,August
500,1921-09-01,-0.14,14.86,September
501,1921-10-01,-0.06,13.94,October
502,1921-11-01,-0.17,12.73,November
503,1921-12-01,-0.1,12.1,December
504,1922-01-01,-0.31,11.69,January
505,1922-02-01,-0.32,11.78,February
506,1922-03-01,-0.11,12.59,March
507,1922-04-01,-0.16,13.54,April
508,1922-05-01,-0.31,14.49,May
509,1922-06-01,-0.27,15.23,June
510,1922-07-01,-0.26,15.540000000000001,July
511,1922-08-01,-0.3,15.299999999999999,August
512,1922-09-01,-0.32,14.68,September
513,1922-10-01,-0.28,13.72,October
514,1922-11-01,-0.16,12.74,November
515,1922-12-01,-0.2,12.0,December
516,1923-01-01,-0.24,11.76,January
517,1923-02-01,-0.42,11.68,February
518,1923-03-01,-0.33,12.37,March
519,1923-04-01,-0.39,13.309999999999999,April
520,1923-05-01,-0.28,14.520000000000001,May
521,1923-06-01,-0.24,15.26,June
522,1923-07-01,-0.3,15.5,July
523,1923-08-01,-0.33,15.27,August
524,1923-09-01,-0.29,14.71,September
525,1923-10-01,-0.19,13.81,October
526,1923-11-01,-0.03,12.870000000000001,November
527,1923-12-01,-0.01,12.19,December
528,1924-01-01,-0.23,11.77,January
529,1924-02-01,-0.19,11.91,February
530,1924-03-01,-0.09,12.61,March
531,1924-04-01,-0.23,13.469999999999999,April
532,1924-05-01,-0.15,14.65,May
533,1924-06-01,-0.2,15.3,June
534,1924-07-01,-0.23,15.57,July
535,1924-08-01,-0.31,15.29,August
536,1924-09-01,-0.29,14.71,September
537,1924-10-01,-0.31,13.69,October
538,1924-11-01,-0.29,12.610000000000001,November
539,1924-12-01,-0.41,11.79,December
540,1925-01-01,-0.4,11.6,January
541,1925-02-01,-0.39,11.709999999999999,February
542,1925-03-01,-0.24,12.459999999999999,March
543,1925-04-01,-0.18,13.52,April
544,1925-05-01,-0.21,14.59,May
545,1925-06-01,-0.24,15.26,June
546,1925-07-01,-0.21,15.59,July
547,1925-08-01,-0.15,15.45,August
548,1925-09-01,-0.13,14.87,September
549,1925-10-01,-0.16,13.84,October
550,1925-11-01,0.05,12.950000000000001,November
551,1925-12-01,0.12,12.319999999999999,December
552,1926-01-01,0.13,12.13,January
553,1926-02-01,0.04,12.139999999999999,February
554,1926-03-01,0.06,12.76,March
555,1926-04-01,-0.13,13.569999999999999,April
556,1926-05-01,-0.12,14.680000000000001,May
557,1926-06-01,-0.1,15.4,June
558,1926-07-01,-0.19,15.610000000000001,July
559,1926-08-01,-0.1,15.5,August
560,1926-09-01,-0.11,14.89,September
561,1926-10-01,-0.07,13.93,October
562,1926-11-01,-0.08,12.82,November
563,1926-12-01,-0.22,11.979999999999999,December
564,1927-01-01,-0.23,11.77,January
565,1927-02-01,-0.2,11.9,February
566,1927-03-01,-0.3,12.399999999999999,March
567,1927-04-01,-0.25,13.45,April
568,1927-05-01,-0.22,14.58,May
569,1927-06-01,-0.19,15.31,June
570,1927-07-01,-0.13,15.67,July
571,1927-08-01,-0.15,15.45,August
572,1927-09-01,-0.07,14.93,September
573,1927-10-01,0.0,14.0,October
574,1927-11-01,-0.05,12.85,November
575,1927-12-01,-0.28,11.92,December
576,1928-01-01,-0.08,11.92,January
577,1928-02-01,-0.16,11.94,February
578,1928-03-01,-0.26,12.44,March
579,1928-04-01,-0.24,13.459999999999999,April
580,1928-05-01,-0.21,14.59,May
581,1928-06-01,-0.27,15.23,June
582,1928-07-01,-0.16,15.64,July
583,1928-08-01,-0.2,15.4,August
584,1928-09-01,-0.17,14.83,September
585,1928-10-01,-0.16,13.84,October
586,1928-11-01,-0.09,12.81,November
587,1928-12-01,-0.17,12.03,December
588,1929-01-01,-0.49,11.51,January
589,1929-02-01,-0.57,11.53,February
590,1929-03-01,-0.3,12.399999999999999,March
591,1929-04-01,-0.33,13.37,April
592,1929-05-01,-0.32,14.48,May
593,1929-06-01,-0.35,15.15,June
594,1929-07-01,-0.33,15.47,July
595,1929-08-01,-0.24,15.36,August
596,1929-09-01,-0.22,14.78,September
597,1929-10-01,-0.14,13.86,October
598,1929-11-01,-0.11,12.790000000000001,November
599,1929-12-01,-0.53,11.67,December
600,1930-01-01,-0.34,11.66,January
601,1930-02-01,-0.24,11.86,February
602,1930-03-01,-0.08,12.62,March
603,1930-04-01,-0.2,13.5,April
604,1930-05-01,-0.18,14.620000000000001,May
605,1930-06-01,-0.13,15.37,June
606,1930-07-01,-0.09,15.71,July
607,1930-08-01,-0.09,15.51,August
608,1930-09-01,-0.1,14.9,September
609,1930-10-01,-0.02,13.98,October
610,1930-11-01,0.16,13.06,November
611,1930-12-01,0.01,12.209999999999999,December
612,1931-01-01,-0.03,11.97,January
613,1931-02-01,-0.22,11.879999999999999,February
614,1931-03-01,-0.01,12.69,March
615,1931-04-01,-0.13,13.569999999999999,April
616,1931-05-01,-0.14,14.66,May
617,1931-06-01,-0.02,15.48,June
618,1931-07-01,-0.01,15.790000000000001,July
619,1931-08-01,0.02,15.62,August
620,1931-09-01,0.01,15.01,September
621,1931-10-01,0.04,14.04,October
622,1931-11-01,-0.12,12.780000000000001,November
623,1931-12-01,-0.08,12.12,December
624,1932-01-01,0.15,12.15,January
625,1932-02-01,-0.17,11.93,February
626,1932-03-01,-0.19,12.51,March
627,1932-04-01,-0.03,13.67,April
628,1932-05-01,-0.16,14.64,May
629,1932-06-01,-0.18,15.32,June
630,1932-07-01,-0.15,15.65,July
631,1932-08-01,-0.19,15.41,August
632,1932-09-01,-0.08,14.92,September
633,1932-10-01,-0.09,13.91,October
634,1932-11-01,-0.21,12.69,November
635,1932-12-01,-0.22,11.979999999999999,December
636,1933-01-01,-0.28,11.72,January
637,1933-02-01,-0.32,11.78,February
638,1933-03-01,-0.28,12.42,March
639,1933-04-01,-0.21,13.489999999999998,April
640,1933-05-01,-0.23,14.57,May
641,1933-06-01,-0.26,15.24,June
642,1933-07-01,-0.2,15.600000000000001,July
643,1933-08-01,-0.21,15.389999999999999,August
644,1933-09-01,-0.26,14.74,September
645,1933-10-01,-0.2,13.8,October
646,1933-11-01,-0.24,12.66,November
647,1933-12-01,-0.4,11.799999999999999,December
648,1934-01-01,-0.3,11.7,January
649,1934-02-01,-0.08,12.02,February
650,1934-03-01,-0.32,12.379999999999999,March
651,1934-04-01,-0.27,13.43,April
652,1934-05-01,-0.06,14.74,May
653,1934-06-01,-0.03,15.47,June
654,1934-07-01,-0.07,15.73,July
655,1934-08-01,-0.04,15.56,August
656,1934-09-01,-0.12,14.88,September
657,1934-10-01,-0.04,13.96,October
658,1934-11-01,0.03,12.93,November
659,1934-12-01,-0.02,12.18,December
660,1935-01-01,-0.28,11.72,January
661,1935-02-01,0.16,12.26,February
662,1935-03-01,-0.16,12.54,March
663,1935-04-01,-0.29,13.41,April
664,1935-05-01,-0.22,14.58,May
665,1935-06-01,-0.19,15.31,June
666,1935-07-01,-0.16,15.64,July
667,1935-08-01,-0.15,15.45,August
668,1935-09-01,-0.14,14.86,September
669,1935-10-01,-0.03,13.97,October
670,1935-11-01,-0.27,12.63,November
671,1935-12-01,-0.15,12.049999999999999,December
672,1936-01-01,-0.27,11.73,January
673,1936-02-01,-0.3,11.799999999999999,February
674,1936-03-01,-0.17,12.53,March
675,1936-04-01,-0.18,13.52,April
676,1936-05-01,-0.11,14.690000000000001,May
677,1936-06-01,-0.14,15.36,June
678,1936-07-01,-0.05,15.75,July
679,1936-08-01,-0.08,15.52,August
680,1936-09-01,-0.07,14.93,September
681,1936-10-01,-0.01,13.99,October
682,1936-11-01,-0.01,12.89,November
683,1936-12-01,-0.01,12.19,December
684,1937-01-01,-0.18,11.82,January
685,1937-02-01,0.03,12.129999999999999,February
686,1937-03-01,-0.18,12.52,March
687,1937-04-01,-0.13,13.569999999999999,April
688,1937-05-01,-0.02,14.780000000000001,May
689,1937-06-01,0.03,15.53,June
690,1937-07-01,0.0,15.8,July
691,1937-08-01,0.08,15.68,August
692,1937-09-01,0.14,15.14,September
693,1937-10-01,0.1,14.1,October
694,1937-11-01,0.08,12.98,November
695,1937-12-01,-0.07,12.129999999999999,December
696,1938-01-01,0.02,12.02,January
697,1938-02-01,-0.02,12.08,February
698,1938-03-01,0.03,12.729999999999999,March
699,1938-04-01,0.07,13.77,April
700,1938-05-01,-0.03,14.770000000000001,May
701,1938-06-01,-0.11,15.39,June
702,1938-07-01,-0.07,15.73,July
703,1938-08-01,-0.05,15.549999999999999,August
704,1938-09-01,0.01,15.01,September
705,1938-10-01,0.07,14.07,October
706,1938-11-01,0.02,12.92,November
707,1938-12-01,-0.2,12.0,December
708,1939-01-01,-0.11,11.89,January
709,1939-02-01,-0.1,12.0,February
710,1939-03-01,-0.18,12.52,March
711,1939-04-01,-0.11,13.59,April
712,1939-05-01,-0.02,14.780000000000001,May
713,1939-06-01,0.0,15.5,June
714,1939-07-01,-0.01,15.790000000000001,July
715,1939-08-01,0.04,15.639999999999999,August
716,1939-09-01,0.0,15.0,September
717,1939-10-01,-0.01,13.99,October
718,1939-11-01,0.09,12.99,November
719,1939-12-01,0.5,12.7,December
720,1940-01-01,0.01,12.01,January
721,1940-02-01,0.13,12.23,February
722,1940-03-01,0.1,12.799999999999999,March
723,1940-04-01,0.19,13.889999999999999,April
724,1940-05-01,0.13,14.930000000000001,May
725,1940-06-01,0.13,15.63,June
726,1940-07-01,0.16,15.96,July
727,1940-08-01,0.13,15.73,August
728,1940-09-01,0.19,15.19,September
729,1940-10-01,0.16,14.16,October
730,1940-11-01,0.21,13.110000000000001,November
731,1940-12-01,0.35,12.549999999999999,December
732,1941-01-01,0.27,12.27,January
733,1941-02-01,0.34,12.44,February
734,1941-03-01,0.18,12.879999999999999,March
735,1941-04-01,0.28,13.979999999999999,April
736,1941-05-01,0.28,15.08,May
737,1941-06-01,0.25,15.75,June
738,1941-07-01,0.28,16.080000000000002,July
739,1941-08-01,0.24,15.84,August
740,1941-09-01,0.14,15.14,September
741,1941-10-01,0.42,14.42,October
742,1941-11-01,0.32,13.22,November
743,1941-12-01,0.26,12.459999999999999,December
744,1942-01-01,0.29,12.29,January
745,1942-02-01,0.06,12.16,February
746,1942-03-01,0.14,12.84,March
747,1942-04-01,0.16,13.86,April
748,1942-05-01,0.14,14.940000000000001,May
749,1942-06-01,0.16,15.66,June
750,1942-07-01,0.03,15.83,July
751,1942-08-01,0.0,15.6,August
752,1942-09-01,0.04,15.04,September
753,1942-10-01,0.07,14.07,October
754,1942-11-01,0.09,12.99,November
755,1942-12-01,0.11,12.309999999999999,December
756,1943-01-01,-0.03,11.97,January
757,1943-02-01,0.11,12.209999999999999,February
758,1943-03-01,-0.03,12.67,March
759,1943-04-01,0.11,13.809999999999999,April
760,1943-05-01,0.1,14.9,May
761,1943-06-01,-0.02,15.48,June
762,1943-07-01,0.1,15.9,July
763,1943-08-01,0.07,15.67,August
764,1943-09-01,0.1,15.1,September
765,1943-10-01,0.26,14.26,October
766,1943-11-01,0.2,13.1,November
767,1943-12-01,0.3,12.5,December
768,1944-01-01,0.39,12.39,January
769,1944-02-01,0.27,12.37,February
770,1944-03-01,0.34,13.04,March
771,1944-04-01,0.25,13.95,April
772,1944-05-01,0.25,15.05,May
773,1944-06-01,0.3,15.8,June
774,1944-07-01,0.31,16.11,July
775,1944-08-01,0.27,15.87,August
776,1944-09-01,0.37,15.37,September
777,1944-10-01,0.32,14.32,October
778,1944-11-01,0.13,13.030000000000001,November
779,1944-12-01,0.12,12.319999999999999,December
780,1945-01-01,0.16,12.16,January
781,1945-02-01,0.05,12.15,February
782,1945-03-01,0.1,12.799999999999999,March
783,1945-04-01,0.29,13.989999999999998,April
784,1945-05-01,0.17,14.97,May
785,1945-06-01,0.14,15.64,June
786,1945-07-01,0.13,15.930000000000001,July
787,1945-08-01,0.36,15.959999999999999,August
788,1945-09-01,0.26,15.26,September
789,1945-10-01,0.27,14.27,October
790,1945-11-01,0.18,13.08,November
791,1945-12-01,-0.01,12.19,December
792,1946-01-01,0.24,12.24,January
793,1946-02-01,0.14,12.24,February
794,1946-03-01,0.02,12.719999999999999,March
795,1946-04-01,0.16,13.86,April
796,1946-05-01,-0.03,14.770000000000001,May
797,1946-06-01,-0.14,15.36,June
798,1946-07-01,-0.07,15.73,July
799,1946-08-01,-0.12,15.48,August
800,1946-09-01,-0.02,14.98,September
801,1946-10-01,0.0,14.0,October
802,1946-11-01,-0.03,12.870000000000001,November
803,1946-12-01,-0.29,11.91,December
804,1947-01-01,-0.16,11.84,January
805,1947-02-01,-0.07,12.03,February
806,1947-03-01,0.03,12.729999999999999,March
807,1947-04-01,0.06,13.76,April
808,1947-05-01,-0.02,14.780000000000001,May
809,1947-06-01,0.03,15.53,June
810,1947-07-01,-0.03,15.770000000000001,July
811,1947-08-01,-0.07,15.53,August
812,1947-09-01,-0.11,14.89,September
813,1947-10-01,0.05,14.05,October
814,1947-11-01,0.0,12.9,November
815,1947-12-01,-0.14,12.059999999999999,December
816,1948-01-01,0.07,12.07,January
817,1948-02-01,-0.1,12.0,February
818,1948-03-01,-0.19,12.51,March
819,1948-04-01,-0.05,13.649999999999999,April
820,1948-05-01,0.06,14.860000000000001,May
821,1948-06-01,0.0,15.5,June
822,1948-07-01,-0.06,15.74,July
823,1948-08-01,-0.05,15.549999999999999,August
824,1948-09-01,-0.1,14.9,September
825,1948-10-01,-0.06,13.94,October
826,1948-11-01,-0.07,12.83,November
827,1948-12-01,-0.11,12.09,December
828,1949-01-01,0.12,12.12,January
829,1949-02-01,-0.14,11.959999999999999,February
830,1949-03-01,-0.05,12.649999999999999,March
831,1949-04-01,-0.02,13.68,April
832,1949-05-01,-0.02,14.780000000000001,May
833,1949-06-01,-0.17,15.33,June
834,1949-07-01,-0.09,15.71,July
835,1949-08-01,-0.07,15.53,August
836,1949-09-01,-0.11,14.89,September
837,1949-10-01,-0.07,13.93,October
838,1949-11-01,-0.08,12.82,November
839,1949-12-01,-0.18,12.02,December
840,1950-01-01,-0.29,11.71,January
841,1950-02-01,-0.23,11.87,February
842,1950-03-01,-0.1,12.6,March
843,1950-04-01,-0.18,13.52,April
844,1950-05-01,-0.04,14.760000000000002,May
845,1950-06-01,-0.04,15.46,June
846,1950-07-01,-0.09,15.71,July
847,1950-08-01,-0.13,15.469999999999999,August
848,1950-09-01,-0.08,14.92,September
849,1950-10-01,-0.17,13.83,October
850,1950-11-01,-0.34,12.56,November
851,1950-12-01,-0.16,12.04,December
852,1951-01-01,-0.28,11.72,January
853,1951-02-01,-0.39,11.709999999999999,February
854,1951-03-01,-0.15,12.549999999999999,March
855,1951-04-01,-0.08,13.62,April
856,1951-05-01,0.07,14.870000000000001,May
857,1951-06-01,0.05,15.55,June
858,1951-07-01,0.11,15.91,July
859,1951-08-01,0.12,15.719999999999999,August
860,1951-09-01,0.17,15.17,September
861,1951-10-01,0.13,14.13,October
862,1951-11-01,0.03,12.93,November
863,1951-12-01,0.22,12.42,December
864,1952-01-01,0.13,12.13,January
865,1952-02-01,0.11,12.209999999999999,February
866,1952-03-01,-0.01,12.69,March
867,1952-04-01,0.09,13.79,April
868,1952-05-01,0.05,14.850000000000001,May
869,1952-06-01,0.05,15.55,June
870,1952-07-01,0.07,15.870000000000001,July
871,1952-08-01,0.07,15.67,August
872,1952-09-01,0.11,15.11,September
873,1952-10-01,0.01,14.01,October
874,1952-11-01,-0.14,12.76,November
875,1952-12-01,0.02,12.219999999999999,December
876,1953-01-01,0.09,12.09,January
877,1953-02-01,0.18,12.28,February
878,1953-03-01,0.2,12.899999999999999,March
879,1953-04-01,0.24,13.94,April
880,1953-05-01,0.18,14.98,May
881,1953-06-01,0.18,15.68,June
882,1953-07-01,0.11,15.91,July
883,1953-08-01,0.11,15.709999999999999,August
884,1953-09-01,0.1,15.1,September
885,1953-10-01,0.12,14.12,October
886,1953-11-01,-0.02,12.88,November
887,1953-12-01,0.09,12.29,December
888,1954-01-01,-0.2,11.8,January
889,1954-02-01,-0.06,12.04,February
890,1954-03-01,-0.09,12.61,March
891,1954-04-01,-0.12,13.58,April
892,1954-05-01,-0.17,14.63,May
893,1954-06-01,-0.1,15.4,June
894,1954-07-01,-0.13,15.67,July
895,1954-08-01,-0.09,15.51,August
896,1954-09-01,-0.05,14.95,September
897,1954-10-01,-0.04,13.96,October
898,1954-11-01,0.05,12.950000000000001,November
899,1954-12-01,-0.18,12.02,December
900,1955-01-01,0.15,12.15,January
901,1955-02-01,-0.1,12.0,February
902,1955-03-01,-0.3,12.399999999999999,March
903,1955-04-01,-0.23,13.469999999999999,April
904,1955-05-01,-0.13,14.67,May
905,1955-06-01,-0.11,15.39,June
906,1955-07-01,-0.11,15.690000000000001,July
907,1955-08-01,-0.02,15.58,August
908,1955-09-01,-0.08,14.92,September
909,1955-10-01,-0.12,13.88,October
910,1955-11-01,-0.23,12.67,November
911,1955-12-01,-0.25,11.95,December
912,1956-01-01,-0.14,11.86,January
913,1956-02-01,-0.24,11.86,February
914,1956-03-01,-0.18,12.52,March
915,1956-04-01,-0.27,13.43,April
916,1956-05-01,-0.24,14.56,May
917,1956-06-01,-0.14,15.36,June
918,1956-07-01,-0.12,15.680000000000001,July
919,1956-08-01,-0.17,15.43,August
920,1956-09-01,-0.21,14.79,September
921,1956-10-01,-0.19,13.81,October
922,1956-11-01,-0.16,12.74,November
923,1956-12-01,-0.12,12.08,December
924,1957-01-01,-0.09,11.91,January
925,1957-02-01,-0.07,12.03,February
926,1957-03-01,-0.05,12.649999999999999,March
927,1957-04-01,0.02,13.719999999999999,April
928,1957-05-01,0.13,14.930000000000001,May
929,1957-06-01,0.17,15.67,June
930,1957-07-01,0.1,15.9,July
931,1957-08-01,0.16,15.76,August
932,1957-09-01,0.13,15.13,September
933,1957-10-01,0.03,14.03,October
934,1957-11-01,0.11,13.01,November
935,1957-12-01,0.21,12.41,December
936,1958-01-01,0.32,12.32,January
937,1958-02-01,0.22,12.32,February
938,1958-03-01,0.15,12.85,March
939,1958-04-01,0.11,13.809999999999999,April
940,1958-05-01,0.09,14.89,May
941,1958-06-01,0.08,15.58,June
942,1958-07-01,0.09,15.89,July
943,1958-08-01,0.09,15.69,August
944,1958-09-01,0.05,15.05,September
945,1958-10-01,0.07,14.07,October
946,1958-11-01,0.07,12.97,November
947,1958-12-01,0.15,12.35,December
948,1959-01-01,0.15,12.15,January
949,1959-02-01,0.09,12.19,February
950,1959-03-01,0.21,12.91,March
951,1959-04-01,0.12,13.819999999999999,April
952,1959-05-01,0.06,14.860000000000001,May
953,1959-06-01,0.11,15.61,June
954,1959-07-01,0.08,15.88,July
955,1959-08-01,0.07,15.67,August
956,1959-09-01,0.11,15.11,September
957,1959-10-01,0.0,14.0,October
958,1959-11-01,-0.06,12.84,November
959,1959-12-01,0.01,12.209999999999999,December
960,1960-01-01,0.04,12.04,January
961,1960-02-01,0.21,12.31,February
962,1960-03-01,-0.18,12.52,March
963,1960-04-01,-0.06,13.639999999999999,April
964,1960-05-01,-0.05,14.75,May
965,1960-06-01,0.09,15.59,June
966,1960-07-01,0.06,15.860000000000001,July
967,1960-08-01,0.09,15.69,August
968,1960-09-01,0.11,15.11,September
969,1960-10-01,0.06,14.06,October
970,1960-11-01,-0.04,12.860000000000001,November
971,1960-12-01,0.27,12.469999999999999,December
972,1961-01-01,0.13,12.13,January
973,1961-02-01,0.2,12.299999999999999,February
974,1961-03-01,0.17,12.87,March
975,1961-04-01,0.15,13.85,April
976,1961-05-01,0.17,14.97,May
977,1961-06-01,0.15,15.65,June
978,1961-07-01,0.07,15.870000000000001,July
979,1961-08-01,0.05,15.65,August
980,1961-09-01,0.04,15.04,September
981,1961-10-01,-0.02,13.98,October
982,1961-11-01,0.04,12.94,November
983,1961-12-01,-0.01,12.19,December
984,1962-01-01,0.12,12.12,January
985,1962-02-01,0.17,12.27,February
986,1962-03-01,0.17,12.87,March
987,1962-04-01,0.11,13.809999999999999,April
988,1962-05-01,0.07,14.870000000000001,May
989,1962-06-01,0.04,15.54,June
990,1962-07-01,0.12,15.92,July
991,1962-08-01,0.08,15.68,August
992,1962-09-01,0.1,15.1,September
993,1962-10-01,0.12,14.12,October
994,1962-11-01,0.09,12.99,November
995,1962-12-01,0.11,12.309999999999999,December
996,1963-01-01,0.06,12.06,January
997,1963-02-01,0.27,12.37,February
998,1963-03-01,-0.02,12.68,March
999,1963-04-01,0.03,13.729999999999999,April
1000,1963-05-01,0.04,14.84,May
1001,1963-06-01,0.05,15.55,June
1002,1963-07-01,0.13,15.930000000000001,July
1003,1963-08-01,0.18,15.78,August
1004,1963-09-01,0.18,15.18,September
1005,1963-10-01,0.23,14.23,October
1006,1963-11-01,0.21,13.110000000000001,November
1007,1963-12-01,0.09,12.29,December
1008,1964-01-01,0.02,12.02,January
1009,1964-02-01,-0.06,12.04,February
1010,1964-03-01,-0.15,12.549999999999999,March
1011,1964-04-01,-0.2,13.5,April
1012,1964-05-01,-0.09,14.71,May
1013,1964-06-01,-0.07,15.43,June
1014,1964-07-01,-0.08,15.72,July
1015,1964-08-01,-0.16,15.44,August
1016,1964-09-01,-0.19,14.81,September
1017,1964-10-01,-0.25,13.75,October
1018,1964-11-01,-0.21,12.69,November
1019,1964-12-01,-0.25,11.95,December
1020,1965-01-01,-0.07,11.93,January
1021,1965-02-01,-0.18,11.92,February
1022,1965-03-01,-0.09,12.61,March
1023,1965-04-01,-0.18,13.52,April
1024,1965-05-01,-0.07,14.73,May
1025,1965-06-01,-0.04,15.46,June
1026,1965-07-01,-0.07,15.73,July
1027,1965-08-01,-0.05,15.549999999999999,August
1028,1965-09-01,-0.03,14.97,September
1029,1965-10-01,0.02,14.02,October
1030,1965-11-01,-0.06,12.84,November
1031,1965-12-01,-0.01,12.19,December
1032,1966-01-01,-0.05,11.95,January
1033,1966-02-01,-0.03,12.07,February
1034,1966-03-01,0.02,12.719999999999999,March
1035,1966-04-01,-0.07,13.629999999999999,April
1036,1966-05-01,-0.04,14.760000000000002,May
1037,1966-06-01,0.07,15.57,June
1038,1966-07-01,0.1,15.9,July
1039,1966-08-01,0.05,15.65,August
1040,1966-09-01,0.02,15.02,September
1041,1966-10-01,-0.07,13.93,October
1042,1966-11-01,-0.03,12.870000000000001,November
1043,1966-12-01,-0.08,12.12,December
1044,1967-01-01,-0.09,11.91,January
1045,1967-02-01,-0.17,11.93,February
1046,1967-03-01,0.02,12.719999999999999,March
1047,1967-04-01,0.01,13.709999999999999,April
1048,1967-05-01,0.15,14.950000000000001,May
1049,1967-06-01,-0.03,15.47,June
1050,1967-07-01,0.0,15.8,July
1051,1967-08-01,0.01,15.61,August
1052,1967-09-01,-0.03,14.97,September
1053,1967-10-01,0.15,14.15,October
1054,1967-11-01,-0.01,12.89,November
1055,1967-12-01,-0.02,12.18,December
1056,1968-01-01,-0.2,11.8,January
1057,1968-02-01,-0.11,11.99,February
1058,1968-03-01,0.15,12.85,March
1059,1968-04-01,-0.07,13.629999999999999,April
1060,1968-05-01,-0.09,14.71,May
1061,1968-06-01,-0.03,15.47,June
1062,1968-07-01,-0.01,15.790000000000001,July
1063,1968-08-01,0.01,15.61,August
1064,1968-09-01,0.0,15.0,September
1065,1968-10-01,0.06,14.06,October
1066,1968-11-01,0.01,12.91,November
1067,1968-12-01,-0.03,12.17,December
1068,1969-01-01,-0.09,11.91,January
1069,1969-02-01,-0.08,12.02,February
1070,1969-03-01,0.12,12.819999999999999,March
1071,1969-04-01,0.18,13.879999999999999,April
1072,1969-05-01,0.19,14.99,May
1073,1969-06-01,0.08,15.58,June
1074,1969-07-01,0.1,15.9,July
1075,1969-08-01,0.11,15.709999999999999,August
1076,1969-09-01,0.09,15.09,September
1077,1969-10-01,0.09,14.09,October
1078,1969-11-01,0.2,13.1,November
1079,1969-12-01,0.28,12.479999999999999,December
1080,1970-01-01,0.14,12.14,January
1081,1970-02-01,0.24,12.34,February
1082,1970-03-01,0.06,12.76,March
1083,1970-04-01,0.13,13.83,April
1084,1970-05-01,0.05,14.850000000000001,May
1085,1970-06-01,0.04,15.54,June
1086,1970-07-01,0.02,15.82,July
1087,1970-08-01,0.02,15.62,August
1088,1970-09-01,0.04,15.04,September
1089,1970-10-01,-0.02,13.98,October
1090,1970-11-01,0.04,12.94,November
1091,1970-12-01,-0.07,12.129999999999999,December
1092,1971-01-01,0.01,12.01,January
1093,1971-02-01,-0.19,11.91,February
1094,1971-03-01,-0.1,12.6,March
1095,1971-04-01,-0.1,13.6,April
1096,1971-05-01,-0.07,14.73,May
1097,1971-06-01,-0.12,15.38,June
1098,1971-07-01,-0.04,15.760000000000002,July
1099,1971-08-01,-0.04,15.56,August
1100,1971-09-01,-0.03,14.97,September
1101,1971-10-01,-0.08,13.92,October
1102,1971-11-01,0.03,12.93,November
1103,1971-12-01,-0.05,12.149999999999999,December
1104,1972-01-01,-0.24,11.76,January
1105,1972-02-01,-0.15,11.95,February
1106,1972-03-01,0.03,12.729999999999999,March
1107,1972-04-01,0.07,13.77,April
1108,1972-05-01,0.02,14.82,May
1109,1972-06-01,0.08,15.58,June
1110,1972-07-01,0.07,15.870000000000001,July
1111,1972-08-01,0.1,15.7,August
1112,1972-09-01,0.03,15.03,September
1113,1972-10-01,0.1,14.1,October
1114,1972-11-01,0.08,12.98,November
1115,1972-12-01,0.26,12.459999999999999,December
1116,1973-01-01,0.28,12.28,January
1117,1973-02-01,0.41,12.51,February
1118,1973-03-01,0.37,13.069999999999999,March
1119,1973-04-01,0.29,13.989999999999998,April
1120,1973-05-01,0.23,15.030000000000001,May
1121,1973-06-01,0.24,15.74,June
1122,1973-07-01,0.16,15.96,July
1123,1973-08-01,0.12,15.719999999999999,August
1124,1973-09-01,0.1,15.1,September
1125,1973-10-01,0.07,14.07,October
1126,1973-11-01,0.03,12.93,November
1127,1973-12-01,0.03,12.229999999999999,December
1128,1974-01-01,-0.19,11.81,January
1129,1974-02-01,-0.24,11.86,February
1130,1974-03-01,-0.03,12.67,March
1131,1974-04-01,-0.05,13.649999999999999,April
1132,1974-05-01,-0.02,14.780000000000001,May
1133,1974-06-01,-0.03,15.47,June
1134,1974-07-01,0.02,15.82,July
1135,1974-08-01,0.04,15.639999999999999,August
1136,1974-09-01,-0.01,14.99,September
1137,1974-10-01,-0.07,13.93,October
1138,1974-11-01,-0.07,12.83,November
1139,1974-12-01,-0.1,12.1,December
1140,1975-01-01,0.11,12.11,January
1141,1975-02-01,0.06,12.16,February
1142,1975-03-01,0.12,12.819999999999999,March
1143,1975-04-01,0.08,13.78,April
1144,1975-05-01,0.08,14.88,May
1145,1975-06-01,0.06,15.56,June
1146,1975-07-01,0.03,15.83,July
1147,1975-08-01,-0.04,15.56,August
1148,1975-09-01,0.04,15.04,September
1149,1975-10-01,-0.12,13.88,October
1150,1975-11-01,-0.16,12.74,November
1151,1975-12-01,-0.1,12.1,December
1152,1976-01-01,-0.02,11.98,January
1153,1976-02-01,-0.12,11.98,February
1154,1976-03-01,-0.22,12.479999999999999,March
1155,1976-04-01,0.0,13.7,April
1156,1976-05-01,-0.12,14.680000000000001,May
1157,1976-06-01,-0.08,15.42,June
1158,1976-07-01,-0.07,15.73,July
1159,1976-08-01,-0.05,15.549999999999999,August
1160,1976-09-01,-0.02,14.98,September
1161,1976-10-01,-0.19,13.81,October
1162,1976-11-01,-0.03,12.870000000000001,November
1163,1976-12-01,0.1,12.299999999999999,December
1164,1977-01-01,0.13,12.13,January
1165,1977-02-01,0.26,12.36,February
1166,1977-03-01,0.31,13.01,March
1167,1977-04-01,0.29,13.989999999999998,April
1168,1977-05-01,0.26,15.06,May
1169,1977-06-01,0.27,15.77,June
1170,1977-07-01,0.19,15.99,July
1171,1977-08-01,0.16,15.76,August
1172,1977-09-01,0.19,15.19,September
1173,1977-10-01,0.12,14.12,October
1174,1977-11-01,0.25,13.15,November
1175,1977-12-01,0.11,12.309999999999999,December
1176,1978-01-01,0.17,12.17,January
1177,1978-02-01,0.15,12.25,February
1178,1978-03-01,0.23,12.93,March
1179,1978-04-01,0.13,13.83,April
1180,1978-05-01,0.08,14.88,May
1181,1978-06-01,0.06,15.56,June
1182,1978-07-01,0.07,15.870000000000001,July
1183,1978-08-01,0.01,15.61,August
1184,1978-09-01,0.09,15.09,September
1185,1978-10-01,0.07,14.07,October
1186,1978-11-01,0.2,13.1,November
1187,1978-12-01,0.14,12.34,December
1188,1979-01-01,0.15,12.15,January
1189,1979-02-01,0.05,12.15,February
1190,1979-03-01,0.23,12.93,March
1191,1979-04-01,0.12,13.819999999999999,April
1192,1979-05-01,0.17,14.97,May
1193,1979-06-01,0.22,15.72,June
1194,1979-07-01,0.2,16.0,July
1195,1979-08-01,0.24,15.84,August
1196,1979-09-01,0.26,15.26,September
1197,1979-10-01,0.3,14.3,October
1198,1979-11-01,0.29,13.19,November
1199,1979-12-01,0.52,12.719999999999999,December
1200,1980-01-01,0.33,12.33,January
1201,1980-02-01,0.39,12.49,February
1202,1980-03-01,0.28,12.979999999999999,March
1203,1980-04-01,0.33,14.03,April
1204,1980-05-01,0.37,15.17,May
1205,1980-06-01,0.27,15.77,June
1206,1980-07-01,0.23,16.03,July
1207,1980-08-01,0.21,15.81,August
1208,1980-09-01,0.21,15.21,September
1209,1980-10-01,0.19,14.19,October
1210,1980-11-01,0.31,13.21,November
1211,1980-12-01,0.27,12.469999999999999,December
1212,1981-01-01,0.51,12.51,January
1213,1981-02-01,0.4,12.5,February
1214,1981-03-01,0.45,13.149999999999999,March
1215,1981-04-01,0.36,14.059999999999999,April
1216,1981-05-01,0.27,15.07,May
1217,1981-06-01,0.31,15.81,June
1218,1981-07-01,0.25,16.05,July
1219,1981-08-01,0.24,15.84,August
1220,1981-09-01,0.18,15.18,September
1221,1981-10-01,0.18,14.18,October
1222,1981-11-01,0.27,13.17,November
1223,1981-12-01,0.48,12.68,December
1224,1982-01-01,0.14,12.14,January
1225,1982-02-01,0.2,12.299999999999999,February
1226,1982-03-01,0.1,12.799999999999999,March
1227,1982-04-01,0.22,13.92,April
1228,1982-05-01,0.21,15.010000000000002,May
1229,1982-06-01,0.14,15.64,June
1230,1982-07-01,0.16,15.96,July
1231,1982-08-01,0.15,15.75,August
1232,1982-09-01,0.24,15.24,September
1233,1982-10-01,0.18,14.18,October
1234,1982-11-01,0.15,13.05,November
1235,1982-12-01,0.44,12.639999999999999,December
1236,1983-01-01,0.53,12.53,January
1237,1983-02-01,0.49,12.59,February
1238,1983-03-01,0.43,13.129999999999999,March
1239,1983-04-01,0.29,13.989999999999998,April
1240,1983-05-01,0.32,15.120000000000001,May
1241,1983-06-01,0.3,15.8,June
1242,1983-07-01,0.3,16.1,July
1243,1983-08-01,0.36,15.959999999999999,August
1244,1983-09-01,0.34,15.34,September
1245,1983-10-01,0.24,14.24,October
1246,1983-11-01,0.45,13.35,November
1247,1983-12-01,0.28,12.479999999999999,December
1248,1984-01-01,0.3,12.3,January
1249,1984-02-01,0.18,12.28,February
1250,1984-03-01,0.3,13.0,March
1251,1984-04-01,0.14,13.84,April
1252,1984-05-01,0.31,15.110000000000001,May
1253,1984-06-01,0.14,15.64,June
1254,1984-07-01,0.15,15.950000000000001,July
1255,1984-08-01,0.19,15.79,August
1256,1984-09-01,0.18,15.18,September
1257,1984-10-01,0.15,14.15,October
1258,1984-11-01,0.06,12.96,November
1259,1984-12-01,-0.08,12.12,December
1260,1985-01-01,0.23,12.23,January
1261,1985-02-01,0.06,12.16,February
1262,1985-03-01,0.2,12.899999999999999,March
1263,1985-04-01,0.15,13.85,April
1264,1985-05-01,0.22,15.020000000000001,May
1265,1985-06-01,0.15,15.65,June
1266,1985-07-01,0.1,15.9,July
1267,1985-08-01,0.16,15.76,August
1268,1985-09-01,0.14,15.14,September
1269,1985-10-01,0.15,14.15,October
1270,1985-11-01,0.14,13.040000000000001,November
1271,1985-12-01,0.22,12.42,December
1272,1986-01-01,0.32,12.32,January
1273,1986-02-01,0.3,12.4,February
1274,1986-03-01,0.3,13.0,March
1275,1986-04-01,0.27,13.969999999999999,April
1276,1986-05-01,0.27,15.07,May
1277,1986-06-01,0.24,15.74,June
1278,1986-07-01,0.17,15.97,July
1279,1986-08-01,0.2,15.799999999999999,August
1280,1986-09-01,0.18,15.18,September
1281,1986-10-01,0.22,14.22,October
1282,1986-11-01,0.16,13.06,November
1283,1986-12-01,0.22,12.42,December
1284,1987-01-01,0.32,12.32,January
1285,1987-02-01,0.5,12.6,February
1286,1987-03-01,0.28,12.979999999999999,March
1287,1987-04-01,0.31,14.01,April
1288,1987-05-01,0.36,15.16,May
1289,1987-06-01,0.33,15.83,June
1290,1987-07-01,0.44,16.240000000000002,July
1291,1987-08-01,0.4,16.0,August
1292,1987-09-01,0.45,15.45,September
1293,1987-10-01,0.35,14.35,October
1294,1987-11-01,0.35,13.25,November
1295,1987-12-01,0.54,12.739999999999998,December
1296,1988-01-01,0.56,12.56,January
1297,1988-02-01,0.44,12.54,February
1298,1988-03-01,0.53,13.229999999999999,March
1299,1988-04-01,0.47,14.17,April
1300,1988-05-01,0.41,15.21,May
1301,1988-06-01,0.41,15.91,June
1302,1988-07-01,0.37,16.17,July
1303,1988-08-01,0.35,15.95,August
1304,1988-09-01,0.35,15.35,September
1305,1988-10-01,0.31,14.31,October
1306,1988-11-01,0.21,13.110000000000001,November
1307,1988-12-01,0.34,12.54,December
1308,1989-01-01,0.17,12.17,January
1309,1989-02-01,0.31,12.41,February
1310,1989-03-01,0.35,13.049999999999999,March
1311,1989-04-01,0.29,13.989999999999998,April
1312,1989-05-01,0.29,15.09,May
1313,1989-06-01,0.26,15.76,June
1314,1989-07-01,0.32,16.12,July
1315,1989-08-01,0.32,15.92,August
1316,1989-09-01,0.31,15.31,September
1317,1989-10-01,0.29,14.29,October
1318,1989-11-01,0.23,13.13,November
1319,1989-12-01,0.41,12.61,December
1320,1990-01-01,0.36,12.36,January
1321,1990-02-01,0.41,12.51,February
1322,1990-03-01,0.77,13.469999999999999,March
1323,1990-04-01,0.54,14.239999999999998,April
1324,1990-05-01,0.47,15.270000000000001,May
1325,1990-06-01,0.43,15.93,June
1326,1990-07-01,0.39,16.19,July
1327,1990-08-01,0.39,15.99,August
1328,1990-09-01,0.33,15.33,September
1329,1990-10-01,0.43,14.43,October
1330,1990-11-01,0.48,13.38,November
1331,1990-12-01,0.42,12.62,December
1332,1991-01-01,0.43,12.43,January
1333,1991-02-01,0.46,12.56,February
1334,1991-03-01,0.37,13.069999999999999,March
1335,1991-04-01,0.52,14.219999999999999,April
1336,1991-05-01,0.41,15.21,May
1337,1991-06-01,0.49,15.99,June
1338,1991-07-01,0.42,16.220000000000002,July
1339,1991-08-01,0.37,15.969999999999999,August
1340,1991-09-01,0.36,15.36,September
1341,1991-10-01,0.29,14.29,October
1342,1991-11-01,0.3,13.200000000000001,November
1343,1991-12-01,0.28,12.479999999999999,December
1344,1992-01-01,0.46,12.46,January
1345,1992-02-01,0.43,12.53,February
1346,1992-03-01,0.44,13.139999999999999,March
1347,1992-04-01,0.31,14.01,April
1348,1992-05-01,0.33,15.13,May
1349,1992-06-01,0.28,15.78,June
1350,1992-07-01,0.11,15.91,July
1351,1992-08-01,0.11,15.709999999999999,August
1352,1992-09-01,0.05,15.05,September
1353,1992-10-01,0.05,14.05,October
1354,1992-11-01,0.04,12.94,November
1355,1992-12-01,0.25,12.45,December
1356,1993-01-01,0.36,12.36,January
1357,1993-02-01,0.38,12.48,February
1358,1993-03-01,0.41,13.11,March
1359,1993-04-01,0.31,14.01,April
1360,1993-05-01,0.35,15.15,May
1361,1993-06-01,0.34,15.84,June
1362,1993-07-01,0.27,16.07,July
1363,1993-08-01,0.22,15.82,August
1364,1993-09-01,0.18,15.18,September
1365,1993-10-01,0.22,14.22,October
1366,1993-11-01,0.07,12.97,November
1367,1993-12-01,0.27,12.469999999999999,December
1368,1994-01-01,0.27,12.27,January
1369,1994-02-01,0.08,12.18,February
1370,1994-03-01,0.38,13.08,March
1371,1994-04-01,0.37,14.069999999999999,April
1372,1994-05-01,0.41,15.21,May
1373,1994-06-01,0.4,15.9,June
1374,1994-07-01,0.31,16.11,July
1375,1994-08-01,0.3,15.9,August
1376,1994-09-01,0.33,15.33,September
1377,1994-10-01,0.43,14.43,October
1378,1994-11-01,0.46,13.360000000000001,November
1379,1994-12-01,0.42,12.62,December
1380,1995-01-01,0.56,12.56,January
1381,1995-02-01,0.74,12.84,February
1382,1995-03-01,0.5,13.2,March
1383,1995-04-01,0.45,14.149999999999999,April
1384,1995-05-01,0.37,15.17,May
1385,1995-06-01,0.46,15.96,June
1386,1995-07-01,0.42,16.220000000000002,July
1387,1995-08-01,0.5,16.1,August
1388,1995-09-01,0.41,15.41,September
1389,1995-10-01,0.44,14.44,October
1390,1995-11-01,0.46,13.360000000000001,November
1391,1995-12-01,0.33,12.53,December
1392,1996-01-01,0.26,12.26,January
1393,1996-02-01,0.47,12.57,February
1394,1996-03-01,0.35,13.049999999999999,March
1395,1996-04-01,0.27,13.969999999999999,April
1396,1996-05-01,0.39,15.190000000000001,May
1397,1996-06-01,0.35,15.85,June
1398,1996-07-01,0.33,16.13,July
1399,1996-08-01,0.35,15.95,August
1400,1996-09-01,0.25,15.25,September
1401,1996-10-01,0.22,14.22,October
1402,1996-11-01,0.3,13.200000000000001,November
1403,1996-12-01,0.39,12.59,December
1404,1997-01-01,0.34,12.34,January
1405,1997-02-01,0.44,12.54,February
1406,1997-03-01,0.5,13.2,March
1407,1997-04-01,0.43,14.129999999999999,April
1408,1997-05-01,0.42,15.22,May
1409,1997-06-01,0.54,16.04,June
1410,1997-07-01,0.5,16.3,July
1411,1997-08-01,0.55,16.15,August
1412,1997-09-01,0.61,15.61,September
1413,1997-10-01,0.64,14.64,October
1414,1997-11-01,0.59,13.49,November
1415,1997-12-01,0.63,12.83,December
1416,1998-01-01,0.6,12.6,January
1417,1998-02-01,0.87,12.969999999999999,February
1418,1998-03-01,0.68,13.379999999999999,March
1419,1998-04-01,0.77,14.469999999999999,April
1420,1998-05-01,0.71,15.510000000000002,May
1421,1998-06-01,0.73,16.23,June
1422,1998-07-01,0.74,16.54,July
1423,1998-08-01,0.71,16.31,August
1424,1998-09-01,0.53,15.53,September
1425,1998-10-01,0.49,14.49,October
1426,1998-11-01,0.42,13.32,November
1427,1998-12-01,0.6,12.799999999999999,December
1428,1999-01-01,0.51,12.51,January
1429,1999-02-01,0.7,12.799999999999999,February
1430,1999-03-01,0.4,13.1,March
1431,1999-04-01,0.47,14.17,April
1432,1999-05-01,0.41,15.21,May
1433,1999-06-01,0.42,15.92,June
1434,1999-07-01,0.4,16.2,July
1435,1999-08-01,0.36,15.959999999999999,August
1436,1999-09-01,0.39,15.39,September
1437,1999-10-01,0.35,14.35,October
1438,1999-11-01,0.36,13.26,November
1439,1999-12-01,0.53,12.729999999999999,December
1440,2000-01-01,0.34,12.34,January
1441,2000-02-01,0.56,12.66,February
1442,2000-03-01,0.56,13.26,March
1443,2000-04-01,0.64,14.34,April
1444,2000-05-01,0.43,15.23,May
1445,2000-06-01,0.4,15.9,June
1446,2000-07-01,0.4,16.2,July
1447,2000-08-01,0.46,16.06,August
1448,2000-09-01,0.42,15.42,September
1449,2000-10-01,0.32,14.32,October
1450,2000-11-01,0.27,13.17,November
1451,2000-12-01,0.33,12.53,December
1452,2001-01-01,0.47,12.47,January
1453,2001-02-01,0.42,12.52,February
1454,2001-03-01,0.65,13.35,March
1455,2001-04-01,0.59,14.29,April
1456,2001-05-01,0.62,15.42,May
1457,2001-06-01,0.55,16.05,June
1458,2001-07-01,0.6,16.400000000000002,July
1459,2001-08-01,0.61,16.21,August
1460,2001-09-01,0.54,15.54,September
1461,2001-10-01,0.52,14.52,October
1462,2001-11-01,0.71,13.61,November
1463,2001-12-01,0.57,12.77,December
1464,2002-01-01,0.71,12.71,January
1465,2002-02-01,0.79,12.89,February
1466,2002-03-01,0.82,13.52,March
1467,2002-04-01,0.58,14.28,April
1468,2002-05-01,0.59,15.39,May
1469,2002-06-01,0.6,16.1,June
1470,2002-07-01,0.63,16.43,July
1471,2002-08-01,0.57,16.169999999999998,August
1472,2002-09-01,0.59,15.59,September
1473,2002-10-01,0.5,14.5,October
1474,2002-11-01,0.6,13.5,November
1475,2002-12-01,0.49,12.69,December
1476,2003-01-01,0.72,12.72,January
1477,2003-02-01,0.6,12.7,February
1478,2003-03-01,0.61,13.309999999999999,March
1479,2003-04-01,0.58,14.28,April
1480,2003-05-01,0.63,15.430000000000001,May
1481,2003-06-01,0.56,16.06,June
1482,2003-07-01,0.6,16.400000000000002,July
1483,2003-08-01,0.66,16.259999999999998,August
1484,2003-09-01,0.65,15.65,September
1485,2003-10-01,0.74,14.74,October
1486,2003-11-01,0.57,13.47,November
1487,2003-12-01,0.77,12.969999999999999,December
1488,2004-01-01,0.62,12.62,January
1489,2004-02-01,0.74,12.84,February
1490,2004-03-01,0.71,13.41,March
1491,2004-04-01,0.6,14.299999999999999,April
1492,2004-05-01,0.45,15.25,May
1493,2004-06-01,0.48,15.98,June
1494,2004-07-01,0.47,16.27,July
1495,2004-08-01,0.52,16.12,August
1496,2004-09-01,0.56,15.56,September
1497,2004-10-01,0.6,14.6,October
1498,2004-11-01,0.76,13.66,November
1499,2004-12-01,0.51,12.709999999999999,December
1500,2005-01-01,0.65,12.65,January
1501,2005-02-01,0.56,12.66,February
1502,2005-03-01,0.74,13.44,March
1503,2005-04-01,0.72,14.42,April
1504,2005-05-01,0.66,15.46,May
1505,2005-06-01,0.67,16.17,June
1506,2005-07-01,0.66,16.46,July
1507,2005-08-01,0.63,16.23,August
1508,2005-09-01,0.69,15.69,September
1509,2005-10-01,0.69,14.69,October
1510,2005-11-01,0.73,13.63,November
1511,2005-12-01,0.63,12.83,December
1512,2006-01-01,0.51,12.51,January
1513,2006-02-01,0.7,12.799999999999999,February
1514,2006-03-01,0.64,13.34,March
1515,2006-04-01,0.53,14.229999999999999,April
1516,2006-05-01,0.56,15.360000000000001,May
1517,2006-06-01,0.67,16.17,June
1518,2006-07-01,0.63,16.43,July
1519,2006-08-01,0.66,16.259999999999998,August
1520,2006-09-01,0.65,15.65,September
1521,2006-10-01,0.68,14.68,October
1522,2006-11-01,0.65,13.55,November
1523,2006-12-01,0.8,13.0,December
1524,2007-01-01,0.92,12.92,January
1525,2007-02-01,0.69,12.79,February
1526,2007-03-01,0.67,13.37,March
1527,2007-04-01,0.73,14.43,April
1528,2007-05-01,0.61,15.41,May
1529,2007-06-01,0.55,16.05,June
1530,2007-07-01,0.56,16.36,July
1531,2007-08-01,0.56,16.16,August
1532,2007-09-01,0.59,15.59,September
1533,2007-10-01,0.56,14.56,October
1534,2007-11-01,0.53,13.43,November
1535,2007-12-01,0.48,12.68,December
1536,2008-01-01,0.27,12.27,January
1537,2008-02-01,0.37,12.469999999999999,February
1538,2008-03-01,0.75,13.45,March
1539,2008-04-01,0.49,14.19,April
1540,2008-05-01,0.52,15.32,May
1541,2008-06-01,0.54,16.04,June
1542,2008-07-01,0.59,16.39,July
1543,2008-08-01,0.57,16.169999999999998,August
1544,2008-09-01,0.55,15.55,September
1545,2008-10-01,0.67,14.67,October
1546,2008-11-01,0.67,13.57,November
1547,2008-12-01,0.54,12.739999999999998,December
1548,2009-01-01,0.6,12.6,January
1549,2009-02-01,0.56,12.66,February
1550,2009-03-01,0.57,13.27,March
1551,2009-04-01,0.63,14.33,April
1552,2009-05-01,0.59,15.39,May
1553,2009-06-01,0.67,16.17,June
1554,2009-07-01,0.67,16.470000000000002,July
1555,2009-08-01,0.72,16.32,August
1556,2009-09-01,0.73,15.73,September
1557,2009-10-01,0.64,14.64,October
1558,2009-11-01,0.71,13.61,November
1559,2009-12-01,0.65,12.85,December
1560,2010-01-01,0.74,12.74,January
1561,2010-02-01,0.8,12.9,February
1562,2010-03-01,0.88,13.58,March
1563,2010-04-01,0.86,14.559999999999999,April
1564,2010-05-01,0.77,15.57,May
1565,2010-06-01,0.75,16.25,June
1566,2010-07-01,0.74,16.54,July
1567,2010-08-01,0.7,16.3,August
1568,2010-09-01,0.62,15.62,September
1569,2010-10-01,0.63,14.63,October
1570,2010-11-01,0.75,13.65,November
1571,2010-12-01,0.46,12.66,December
1572,2011-01-01,0.47,12.47,January
1573,2011-02-01,0.45,12.549999999999999,February
1574,2011-03-01,0.6,13.299999999999999,March
1575,2011-04-01,0.63,14.33,April
1576,2011-05-01,0.55,15.350000000000001,May
1577,2011-06-01,0.64,16.14,June
1578,2011-07-01,0.65,16.45,July
1579,2011-08-01,0.65,16.25,August
1580,2011-09-01,0.6,15.6,September
1581,2011-10-01,0.61,14.61,October
1582,2011-11-01,0.5,13.4,November
1583,2011-12-01,0.55,12.75,December
1584,2012-01-01,0.44,12.44,January
1585,2012-02-01,0.45,12.549999999999999,February
1586,2012-03-01,0.52,13.219999999999999,March
1587,2012-04-01,0.73,14.43,April
1588,2012-05-01,0.74,15.540000000000001,May
1589,2012-06-01,0.72,16.22,June
1590,2012-07-01,0.7,16.5,July
1591,2012-08-01,0.7,16.3,August
1592,2012-09-01,0.74,15.74,September
1593,2012-10-01,0.7,14.7,October
1594,2012-11-01,0.71,13.61,November
1595,2012-12-01,0.48,12.68,December
1596,2013-01-01,0.62,12.62,January
1597,2013-02-01,0.67,12.77,February
1598,2013-03-01,0.67,13.37,March
1599,2013-04-01,0.59,14.29,April
1600,2013-05-01,0.69,15.49,May
1601,2013-06-01,0.69,16.19,June
1602,2013-07-01,0.66,16.46,July
1603,2013-08-01,0.69,16.29,August
1604,2013-09-01,0.68,15.68,September
1605,2013-10-01,0.66,14.66,October
1606,2013-11-01,0.81,13.71,November
1607,2013-12-01,0.67,12.87,December
1608,2014-01-01,0.7,12.7,January
1609,2014-02-01,0.49,12.59,February
1610,2014-03-01,0.77,13.469999999999999,March
1611,2014-04-01,0.81,14.51,April
1612,2014-05-01,0.8,15.600000000000001,May
1613,2014-06-01,0.77,16.27,June
1614,2014-07-01,0.71,16.51,July
1615,2014-08-01,0.83,16.43,August
1616,2014-09-01,0.79,15.79,September
1617,2014-10-01,0.76,14.76,October
1618,2014-11-01,0.65,13.55,November
1619,2014-12-01,0.82,13.02,December
1620,2015-01-01,0.83,12.83,January
1621,2015-02-01,0.87,12.969999999999999,February
1622,2015-03-01,0.92,13.62,March
1623,2015-04-01,0.81,14.51,April
1624,2015-05-01,0.9,15.700000000000001,May
1625,2015-06-01,0.91,16.41,June
1626,2015-07-01,0.85,16.650000000000002,July
1627,2015-08-01,0.91,16.509999999999998,August
1628,2015-09-01,0.94,15.94,September
1629,2015-10-01,1.03,15.03,October
1630,2015-11-01,1.01,13.91,November
1631,2015-12-01,1.15,13.35,December
1632,2016-01-01,1.12,13.120000000000001,January
1633,2016-02-01,1.27,13.37,February
1634,2016-03-01,1.31,14.01,March
1635,2016-04-01,1.12,14.82,April
1636,2016-05-01,0.94,15.74,May
1637,2016-06-01,0.93,16.43,June
1638,2016-07-01,0.92,16.720000000000002,July
1639,2016-08-01,0.98,16.58,August
1640,2016-09-01,0.94,15.94,September
1641,2016-10-01,0.79,14.79,October
1642,2016-11-01,0.78,13.68,November
1643,2016-12-01,0.83,13.03,December
1644,2017-01-01,0.98,12.98,January
1645,2017-02-01,1.03,13.129999999999999,February
1646,2017-03-01,1.09,13.79,March
1647,2017-04-01,0.92,14.62,April
1648,2017-05-01,0.88,15.680000000000001,May
1649,2017-06-01,0.84,16.34,June
1650,2017-07-01,0.9,16.7,July
1651,2017-08-01,0.92,16.52,August
1652,2017-09-01,0.86,15.86,September
1653,2017-10-01,0.81,14.81,October
1654,2017-11-01,0.8,13.700000000000001,November
1655,2017-12-01,0.88,13.08,December
1656,2018-01-01,0.75,12.75,January
1657,2018-02-01,0.77,12.87,February
1658,2018-03-01,0.89,13.59,March
1659,2018-04-01,0.84,14.54,April
1660,2018-05-01,0.82,15.620000000000001,May
1661,2018-06-01,0.78,16.28,June
1662,2018-07-01,0.82,16.62,July
1663,2018-08-01,0.8,16.4,August
1664,2018-09-01,0.83,15.83,September
1665,2018-10-01,0.92,14.92,October
1666,2018-11-01,0.78,13.68,November
1667,2018-12-01,0.89,13.09,December
1668,2019-01-01,0.94,12.94,January
1669,2019-02-01,0.85,12.95,February
1670,2019-03-01,1.1,13.799999999999999,March
1671,2019-04-01,0.97,14.67,April
1672,2019-05-01,0.87,15.67,May
1673,2019-06-01,0.95,16.45,June
1674,2019-07-01,0.92,16.720000000000002,July
1675,2019-08-01,0.92,16.52,August
1676,2019-09-01,0.94,15.94,September
1677,2019-10-01,0.95,14.95,October
1678,2019-11-01,0.92,13.82,November
1679,2019-12-01,1.05,13.25,December
1680,2020-01-01,1.14,13.14,January
1681,2020-02-01,1.17,13.27,February
1682,2020-03-01,1.18,13.879999999999999,March
1683,2020-04-01,1.05,14.75,April
1684,2020-05-01,0.95,15.75,May
1685,2020-06-01,0.92,16.42,June
1686,2020-07-01,0.92,16.720000000000002,July
1687,2020-08-01,0.94,16.54,August
1688,2020-09-01,0.94,15.94,September
1689,2020-10-01,0.83,14.83,October
1690,2020-11-01,0.96,13.86,November
1691,2020-12-01,0.78,12.979999999999999,December
